y_true_Rs,y_pred_Rs
17860.977102019577,19653.698099825197
16430.963201380757,18847.65852610372
16887.52673515268,19354.986109704045
17322.02864313303,19770.891945096595
19238.770373901167,20285.317251319128
