{"daily_mae_kWh":1.0413051184,"daily_rmse_kWh":1.4044661364,"monthly_mae_Rs":2034.4571752923,"monthly_rmse_Rs":2108.782230194}